<?xml version="1.0" encoding="ISO-8859-1" ?>
<link_info>
   <banner>TI ARM Linker PC v18.1.3.LTS</banner>
   <copyright>Copyright (c) 1996-2017 Texas Instruments Incorporated</copyright>
   <link_time>0x5c40ffcb</link_time>
   <link_errors>0x1</link_errors>
   <output_file>spi_demo.out</output_file>
   <entry_point>
      <name>_c_int00_noinit_noargs</name>
      <address>0x20004401</address>
   </entry_point>
   <input_file_list>
      <input_file id="fl-2">
         <path>.\</path>
         <kind>object</kind>
         <file>main.obj</file>
         <name>main.obj</name>
      </input_file>
      <input_file id="fl-3">
         <path>.\</path>
         <kind>object</kind>
         <file>pinmux.obj</file>
         <name>pinmux.obj</name>
      </input_file>
      <input_file id="fl-4">
         <path>.\</path>
         <kind>object</kind>
         <file>startup_ccs.obj</file>
         <name>startup_ccs.obj</name>
      </input_file>
      <input_file id="fl-5">
         <path>.\</path>
         <kind>object</kind>
         <file>uart_if.obj</file>
         <name>uart_if.obj</name>
      </input_file>
      <input_file id="fl-a">
         <kind>object</kind>
         <file>&lt;internal&gt;</file>
         <name>&lt;internal&gt;</name>
      </input_file>
      <input_file id="fl-c0">
         <path>C:\ti\ccsv8\tools\compiler\ti-cgt-arm_18.1.3.LTS\lib\</path>
         <kind>archive</kind>
         <file>rtsv7M4_T_le_eabi.lib</file>
         <name>copy_zero_init.c.obj</name>
      </input_file>
      <input_file id="fl-c1">
         <path>C:\ti\ccsv8\tools\compiler\ti-cgt-arm_18.1.3.LTS\lib\</path>
         <kind>archive</kind>
         <file>rtsv7M4_T_le_eabi.lib</file>
         <name>copy_decompress_none.c.obj</name>
      </input_file>
      <input_file id="fl-c2">
         <path>C:\ti\ccsv8\tools\compiler\ti-cgt-arm_18.1.3.LTS\lib\</path>
         <kind>archive</kind>
         <file>rtsv7M4_T_le_eabi.lib</file>
         <name>copy_decompress_lzss.c.obj</name>
      </input_file>
      <input_file id="fl-c3">
         <path>C:\ti\ccsv8\tools\compiler\ti-cgt-arm_18.1.3.LTS\lib\</path>
         <kind>archive</kind>
         <file>rtsv7M4_T_le_eabi.lib</file>
         <name>memory.c.obj</name>
      </input_file>
      <input_file id="fl-c4">
         <path>C:\ti\ccsv8\tools\compiler\ti-cgt-arm_18.1.3.LTS\lib\</path>
         <kind>archive</kind>
         <file>rtsv7M4_T_le_eabi.lib</file>
         <name>_lock.c.obj</name>
      </input_file>
      <input_file id="fl-c5">
         <path>C:\ti\ccsv8\tools\compiler\ti-cgt-arm_18.1.3.LTS\lib\</path>
         <kind>archive</kind>
         <file>rtsv7M4_T_le_eabi.lib</file>
         <name>memmov.c.obj</name>
      </input_file>
      <input_file id="fl-c6">
         <path>C:\ti\ccsv8\tools\compiler\ti-cgt-arm_18.1.3.LTS\lib\</path>
         <kind>archive</kind>
         <file>rtsv7M4_T_le_eabi.lib</file>
         <name>strlen.c.obj</name>
      </input_file>
      <input_file id="fl-c7">
         <path>C:\ti\ccsv8\tools\compiler\ti-cgt-arm_18.1.3.LTS\lib\</path>
         <kind>archive</kind>
         <file>rtsv7M4_T_le_eabi.lib</file>
         <name>vsnprintf.c.obj</name>
      </input_file>
      <input_file id="fl-c8">
         <path>C:\ti\ccsv8\tools\compiler\ti-cgt-arm_18.1.3.LTS\lib\</path>
         <kind>archive</kind>
         <file>rtsv7M4_T_le_eabi.lib</file>
         <name>boot_cortex_m.c.obj</name>
      </input_file>
      <input_file id="fl-c9">
         <path>C:\ti\ccsv8\tools\compiler\ti-cgt-arm_18.1.3.LTS\lib\</path>
         <kind>archive</kind>
         <file>rtsv7M4_T_le_eabi.lib</file>
         <name>memset_t2.asm.obj</name>
      </input_file>
      <input_file id="fl-ca">
         <path>C:\ti\ccsv8\tools\compiler\ti-cgt-arm_18.1.3.LTS\lib\</path>
         <kind>archive</kind>
         <file>rtsv7M4_T_le_eabi.lib</file>
         <name>memcpy_t2.asm.obj</name>
      </input_file>
      <input_file id="fl-cb">
         <path>C:\ti\ccsv8\tools\compiler\ti-cgt-arm_18.1.3.LTS\lib\</path>
         <kind>archive</kind>
         <file>rtsv7M4_T_le_eabi.lib</file>
         <name>autoinit.c.obj</name>
      </input_file>
      <input_file id="fl-cc">
         <path>C:\ti\ccsv8\tools\compiler\ti-cgt-arm_18.1.3.LTS\lib\</path>
         <kind>archive</kind>
         <file>rtsv7M4_T_le_eabi.lib</file>
         <name>pre_init.c.obj</name>
      </input_file>
      <input_file id="fl-cd">
         <path>C:\ti\ccsv8\tools\compiler\ti-cgt-arm_18.1.3.LTS\lib\</path>
         <kind>archive</kind>
         <file>rtsv7M4_T_le_eabi.lib</file>
         <name>cpy_tbl.c.obj</name>
      </input_file>
      <input_file id="fl-ce">
         <path>C:\ti\ccsv8\tools\compiler\ti-cgt-arm_18.1.3.LTS\lib\</path>
         <kind>archive</kind>
         <file>rtsv7M4_T_le_eabi.lib</file>
         <name>exit.c.obj</name>
      </input_file>
      <input_file id="fl-cf">
         <path>C:\ti\ccsv8\tools\compiler\ti-cgt-arm_18.1.3.LTS\lib\</path>
         <kind>archive</kind>
         <file>rtsv7M4_T_le_eabi.lib</file>
         <name>_printfi.c.obj</name>
      </input_file>
      <input_file id="fl-d0">
         <path>C:\ti\ccsv8\tools\compiler\ti-cgt-arm_18.1.3.LTS\lib\</path>
         <kind>archive</kind>
         <file>rtsv7M4_T_le_eabi.lib</file>
         <name>args_main.c.obj</name>
      </input_file>
      <input_file id="fl-d1">
         <path>C:\ti\ccsv8\tools\compiler\ti-cgt-arm_18.1.3.LTS\lib\</path>
         <kind>archive</kind>
         <file>rtsv7M4_T_le_eabi.lib</file>
         <name>atoi.c.obj</name>
      </input_file>
      <input_file id="fl-d2">
         <path>C:\ti\ccsv8\tools\compiler\ti-cgt-arm_18.1.3.LTS\lib\</path>
         <kind>archive</kind>
         <file>rtsv7M4_T_le_eabi.lib</file>
         <name>ctype.c.obj</name>
      </input_file>
      <input_file id="fl-d3">
         <path>C:\ti\ccsv8\tools\compiler\ti-cgt-arm_18.1.3.LTS\lib\</path>
         <kind>archive</kind>
         <file>rtsv7M4_T_le_eabi.lib</file>
         <name>ltoa.c.obj</name>
      </input_file>
      <input_file id="fl-d4">
         <path>C:\ti\ccsv8\tools\compiler\ti-cgt-arm_18.1.3.LTS\lib\</path>
         <kind>archive</kind>
         <file>rtsv7M4_T_le_eabi.lib</file>
         <name>memccpy.c.obj</name>
      </input_file>
      <input_file id="fl-d5">
         <path>C:\ti\ccsv8\tools\compiler\ti-cgt-arm_18.1.3.LTS\lib\</path>
         <kind>archive</kind>
         <file>rtsv7M4_T_le_eabi.lib</file>
         <name>strchr.c.obj</name>
      </input_file>
      <input_file id="fl-d6">
         <path>C:\ti\ccsv8\tools\compiler\ti-cgt-arm_18.1.3.LTS\lib\</path>
         <kind>archive</kind>
         <file>rtsv7M4_T_le_eabi.lib</file>
         <name>errno.c.obj</name>
      </input_file>
      <input_file id="fl-d7">
         <path>C:\ti\ccsv8\tools\compiler\ti-cgt-arm_18.1.3.LTS\lib\</path>
         <kind>archive</kind>
         <file>rtsv7M4_T_le_eabi.lib</file>
         <name>s_frexp.c.obj</name>
      </input_file>
      <input_file id="fl-d8">
         <path>C:\ti\ccsv8\tools\compiler\ti-cgt-arm_18.1.3.LTS\lib\</path>
         <kind>archive</kind>
         <file>rtsv7M4_T_le_eabi.lib</file>
         <name>s_scalbn.c.obj</name>
      </input_file>
      <input_file id="fl-d9">
         <path>C:\ti\ccsv8\tools\compiler\ti-cgt-arm_18.1.3.LTS\lib\</path>
         <kind>archive</kind>
         <file>rtsv7M4_T_le_eabi.lib</file>
         <name>wcslen.c.obj</name>
      </input_file>
      <input_file id="fl-da">
         <path>C:\ti\ccsv8\tools\compiler\ti-cgt-arm_18.1.3.LTS\lib\</path>
         <kind>archive</kind>
         <file>rtsv7M4_T_le_eabi.lib</file>
         <name>s_copysign.c.obj</name>
      </input_file>
      <input_file id="fl-db">
         <path>C:\ti\ccsv8\tools\compiler\ti-cgt-arm_18.1.3.LTS\lib\</path>
         <kind>archive</kind>
         <file>rtsv7M4_T_le_eabi.lib</file>
         <name>ull_div_t2.asm.obj</name>
      </input_file>
      <input_file id="fl-dc">
         <path>C:\ti\ccsv8\tools\compiler\ti-cgt-arm_18.1.3.LTS\lib\</path>
         <kind>archive</kind>
         <file>rtsv7M4_T_le_eabi.lib</file>
         <name>fd_add_t2.asm.obj</name>
      </input_file>
      <input_file id="fl-dd">
         <path>C:\ti\ccsv8\tools\compiler\ti-cgt-arm_18.1.3.LTS\lib\</path>
         <kind>archive</kind>
         <file>rtsv7M4_T_le_eabi.lib</file>
         <name>fd_cmp_t2.asm.obj</name>
      </input_file>
      <input_file id="fl-de">
         <path>C:\ti\ccsv8\tools\compiler\ti-cgt-arm_18.1.3.LTS\lib\</path>
         <kind>archive</kind>
         <file>rtsv7M4_T_le_eabi.lib</file>
         <name>fd_div_t2.asm.obj</name>
      </input_file>
      <input_file id="fl-df">
         <path>C:\ti\ccsv8\tools\compiler\ti-cgt-arm_18.1.3.LTS\lib\</path>
         <kind>archive</kind>
         <file>rtsv7M4_T_le_eabi.lib</file>
         <name>fd_mul_t2.asm.obj</name>
      </input_file>
      <input_file id="fl-e0">
         <path>C:\ti\ccsv8\tools\compiler\ti-cgt-arm_18.1.3.LTS\lib\</path>
         <kind>archive</kind>
         <file>rtsv7M4_T_le_eabi.lib</file>
         <name>fd_toi_t2.asm.obj</name>
      </input_file>
      <input_file id="fl-e1">
         <path>C:\ti\ccsv8\tools\compiler\ti-cgt-arm_18.1.3.LTS\lib\</path>
         <kind>archive</kind>
         <file>rtsv7M4_T_le_eabi.lib</file>
         <name>i_tofd_t2.asm.obj</name>
      </input_file>
      <input_file id="fl-e2">
         <path>C:\ti\ccsv8\tools\compiler\ti-cgt-arm_18.1.3.LTS\lib\</path>
         <kind>archive</kind>
         <file>rtsv7M4_T_le_eabi.lib</file>
         <name>div0.asm.obj</name>
      </input_file>
      <input_file id="fl-e3">
         <path>C:\ti\CC3200SDK_1.3.0\cc3200-sdk\driverlib\ccs\Release\</path>
         <kind>archive</kind>
         <file>driverlib.a</file>
         <name>gpio.obj</name>
      </input_file>
      <input_file id="fl-e4">
         <path>C:\ti\CC3200SDK_1.3.0\cc3200-sdk\driverlib\ccs\Release\</path>
         <kind>archive</kind>
         <file>driverlib.a</file>
         <name>interrupt.obj</name>
      </input_file>
      <input_file id="fl-e5">
         <path>C:\ti\CC3200SDK_1.3.0\cc3200-sdk\driverlib\ccs\Release\</path>
         <kind>archive</kind>
         <file>driverlib.a</file>
         <name>pin.obj</name>
      </input_file>
      <input_file id="fl-e6">
         <path>C:\ti\CC3200SDK_1.3.0\cc3200-sdk\driverlib\ccs\Release\</path>
         <kind>archive</kind>
         <file>driverlib.a</file>
         <name>prcm.obj</name>
      </input_file>
      <input_file id="fl-e7">
         <path>C:\ti\CC3200SDK_1.3.0\cc3200-sdk\driverlib\ccs\Release\</path>
         <kind>archive</kind>
         <file>driverlib.a</file>
         <name>uart.obj</name>
      </input_file>
      <input_file id="fl-e8">
         <path>C:\ti\CC3200SDK_1.3.0\cc3200-sdk\driverlib\ccs\Release\</path>
         <kind>archive</kind>
         <file>driverlib.a</file>
         <name>utils.obj</name>
      </input_file>
      <input_file id="fl-e9">
         <path>C:\ti\CC3200SDK_1.3.0\cc3200-sdk\driverlib\ccs\Release\</path>
         <kind>archive</kind>
         <file>driverlib.a</file>
         <name>cpu.obj</name>
      </input_file>
      <input_file id="fl-ea">
         <path>C:\ti\CC3200SDK_1.3.0\cc3200-sdk\driverlib\ccs\Release\</path>
         <kind>archive</kind>
         <file>driverlib.a</file>
         <name>flash.obj</name>
      </input_file>
   </input_file_list>
   <object_component_list>
      <object_component id="oc-f">
         <name>.intvecs</name>
         <load_address>0x20004000</load_address>
         <run_address>0x20004000</run_address>
         <size>0x400</size>
         <input_file_ref idref="fl-4"/>
      </object_component>
      <object_component id="oc-52">
         <name>.text:_c_int00_noinit_noargs:_c_int00_noinit_noargs</name>
         <load_address>0x20004400</load_address>
         <run_address>0x20004400</run_address>
         <size>0x24</size>
         <input_file_ref idref="fl-c8"/>
      </object_component>
      <object_component id="oc-26">
         <name>.text</name>
         <load_address>0x20004424</load_address>
         <run_address>0x20004424</run_address>
         <size>0xe</size>
         <input_file_ref idref="fl-4"/>
      </object_component>
      <object_component id="oc-8e">
         <name>.text:_system_pre_init</name>
         <load_address>0x20004432</load_address>
         <run_address>0x20004432</run_address>
         <size>0x4</size>
         <input_file_ref idref="fl-cc"/>
      </object_component>
      <object_component id="oc-bc">
         <name>.text:abort:abort</name>
         <load_address>0x20004436</load_address>
         <run_address>0x20004436</run_address>
         <size>0x4</size>
         <input_file_ref idref="fl-ce"/>
      </object_component>
      <object_component id="oc-20">
         <name>.sysmem</name>
         <uninitialized>true</uninitialized>
         <run_address>0x20017000</run_address>
         <size>0x8</size>
         <input_file_ref idref="fl-c3"/>
      </object_component>
      <object_component id="oc-173">
         <name>.sysmem</name>
         <uninitialized>true</uninitialized>
         <run_address>0x20017000</run_address>
         <size>0x0</size>
      </object_component>
      <object_component id="oc-23">
         <name>.stack</name>
         <uninitialized>true</uninitialized>
         <run_address>0x2002f800</run_address>
         <size>0x4</size>
         <input_file_ref idref="fl-c8"/>
      </object_component>
      <object_component id="oc-172">
         <name>.stack</name>
         <uninitialized>true</uninitialized>
         <run_address>0x2002f800</run_address>
         <size>0x0</size>
      </object_component>
      <object_component id="oc-35">
         <name>.debug_info</name>
         <load_address>0x0</load_address>
         <run_address>0x0</run_address>
         <size>0x84</size>
         <input_file_ref idref="fl-2"/>
      </object_component>
      <object_component id="oc-2e">
         <name>.debug_info</name>
         <load_address>0x84</load_address>
         <run_address>0x84</run_address>
         <size>0x185</size>
         <input_file_ref idref="fl-4"/>
      </object_component>
      <object_component id="oc-10">
         <name>.debug_info</name>
         <load_address>0x209</load_address>
         <run_address>0x209</run_address>
         <size>0x104</size>
         <input_file_ref idref="fl-4"/>
      </object_component>
      <object_component id="oc-27">
         <name>.debug_info</name>
         <load_address>0x30d</load_address>
         <run_address>0x30d</run_address>
         <size>0x425</size>
         <input_file_ref idref="fl-4"/>
      </object_component>
      <object_component id="oc-6c">
         <name>.debug_info</name>
         <load_address>0x732</load_address>
         <run_address>0x732</run_address>
         <size>0x28d</size>
         <input_file_ref idref="fl-c3"/>
      </object_component>
      <object_component id="oc-21">
         <name>.debug_info</name>
         <load_address>0x9bf</load_address>
         <run_address>0x9bf</run_address>
         <size>0x101</size>
         <input_file_ref idref="fl-c3"/>
      </object_component>
      <object_component id="oc-a2">
         <name>.debug_info</name>
         <load_address>0xac0</load_address>
         <run_address>0xac0</run_address>
         <size>0x2c</size>
         <input_file_ref idref="fl-c3"/>
      </object_component>
      <object_component id="oc-a7">
         <name>.debug_info</name>
         <load_address>0xaec</load_address>
         <run_address>0xaec</run_address>
         <size>0x62</size>
         <input_file_ref idref="fl-c3"/>
      </object_component>
      <object_component id="oc-24">
         <name>.debug_info</name>
         <load_address>0xb4e</load_address>
         <run_address>0xb4e</run_address>
         <size>0x100</size>
         <input_file_ref idref="fl-c8"/>
      </object_component>
      <object_component id="oc-55">
         <name>.debug_info</name>
         <load_address>0xc4e</load_address>
         <run_address>0xc4e</run_address>
         <size>0x19d</size>
         <input_file_ref idref="fl-c8"/>
      </object_component>
      <object_component id="oc-92">
         <name>.debug_info</name>
         <load_address>0xdeb</load_address>
         <run_address>0xdeb</run_address>
         <size>0x148</size>
         <input_file_ref idref="fl-cc"/>
      </object_component>
      <object_component id="oc-be">
         <name>.debug_info</name>
         <load_address>0xf33</load_address>
         <run_address>0xf33</run_address>
         <size>0x117</size>
         <input_file_ref idref="fl-ce"/>
      </object_component>
      <object_component id="oc-174">
         <name>.debug_info</name>
         <load_address>0x104a</load_address>
         <run_address>0x104a</run_address>
         <size>0x9a</size>
      </object_component>
      <object_component id="oc-38">
         <name>.debug_line</name>
         <load_address>0x0</load_address>
         <run_address>0x0</run_address>
         <size>0x20</size>
         <input_file_ref idref="fl-2"/>
      </object_component>
      <object_component id="oc-72">
         <name>.debug_line</name>
         <load_address>0x20</load_address>
         <run_address>0x20</run_address>
         <size>0x61</size>
         <input_file_ref idref="fl-4"/>
      </object_component>
      <object_component id="oc-2d">
         <name>.debug_line</name>
         <load_address>0x81</load_address>
         <run_address>0x81</run_address>
         <size>0x61</size>
         <input_file_ref idref="fl-4"/>
      </object_component>
      <object_component id="oc-2b">
         <name>.debug_line</name>
         <load_address>0xe2</load_address>
         <run_address>0xe2</run_address>
         <size>0xd9</size>
         <input_file_ref idref="fl-4"/>
      </object_component>
      <object_component id="oc-a1">
         <name>.debug_line</name>
         <load_address>0x1bb</load_address>
         <run_address>0x1bb</run_address>
         <size>0x95</size>
         <input_file_ref idref="fl-c3"/>
      </object_component>
      <object_component id="oc-6b">
         <name>.debug_line</name>
         <load_address>0x250</load_address>
         <run_address>0x250</run_address>
         <size>0x2c</size>
         <input_file_ref idref="fl-c3"/>
      </object_component>
      <object_component id="oc-a5">
         <name>.debug_line</name>
         <load_address>0x27c</load_address>
         <run_address>0x27c</run_address>
         <size>0x8a</size>
         <input_file_ref idref="fl-c3"/>
      </object_component>
      <object_component id="oc-aa">
         <name>.debug_line</name>
         <load_address>0x306</load_address>
         <run_address>0x306</run_address>
         <size>0x2c</size>
         <input_file_ref idref="fl-c3"/>
      </object_component>
      <object_component id="oc-6f">
         <name>.debug_line</name>
         <load_address>0x332</load_address>
         <run_address>0x332</run_address>
         <size>0x33</size>
         <input_file_ref idref="fl-c8"/>
      </object_component>
      <object_component id="oc-57">
         <name>.debug_line</name>
         <load_address>0x365</load_address>
         <run_address>0x365</run_address>
         <size>0x52</size>
         <input_file_ref idref="fl-c8"/>
      </object_component>
      <object_component id="oc-91">
         <name>.debug_line</name>
         <load_address>0x3b7</load_address>
         <run_address>0x3b7</run_address>
         <size>0x40</size>
         <input_file_ref idref="fl-cc"/>
      </object_component>
      <object_component id="oc-bd">
         <name>.debug_line</name>
         <load_address>0x3f7</load_address>
         <run_address>0x3f7</run_address>
         <size>0x3c</size>
         <input_file_ref idref="fl-ce"/>
      </object_component>
      <object_component id="oc-37">
         <name>.debug_abbrev</name>
         <load_address>0x0</load_address>
         <run_address>0x0</run_address>
         <size>0x1f</size>
         <input_file_ref idref="fl-2"/>
      </object_component>
      <object_component id="oc-71">
         <name>.debug_abbrev</name>
         <load_address>0x1f</load_address>
         <run_address>0x1f</run_address>
         <size>0x5f</size>
         <input_file_ref idref="fl-4"/>
      </object_component>
      <object_component id="oc-2c">
         <name>.debug_abbrev</name>
         <load_address>0x7e</load_address>
         <run_address>0x7e</run_address>
         <size>0x29</size>
         <input_file_ref idref="fl-4"/>
      </object_component>
      <object_component id="oc-70">
         <name>.debug_abbrev</name>
         <load_address>0xa7</load_address>
         <run_address>0xa7</run_address>
         <size>0xa2</size>
         <input_file_ref idref="fl-4"/>
      </object_component>
      <object_component id="oc-a0">
         <name>.debug_abbrev</name>
         <load_address>0x149</load_address>
         <run_address>0x149</run_address>
         <size>0xcf</size>
         <input_file_ref idref="fl-c3"/>
      </object_component>
      <object_component id="oc-6a">
         <name>.debug_abbrev</name>
         <load_address>0x218</load_address>
         <run_address>0x218</run_address>
         <size>0x29</size>
         <input_file_ref idref="fl-c3"/>
      </object_component>
      <object_component id="oc-a4">
         <name>.debug_abbrev</name>
         <load_address>0x241</load_address>
         <run_address>0x241</run_address>
         <size>0x24</size>
         <input_file_ref idref="fl-c3"/>
      </object_component>
      <object_component id="oc-a9">
         <name>.debug_abbrev</name>
         <load_address>0x265</load_address>
         <run_address>0x265</run_address>
         <size>0x4b</size>
         <input_file_ref idref="fl-c3"/>
      </object_component>
      <object_component id="oc-6e">
         <name>.debug_abbrev</name>
         <load_address>0x2b0</load_address>
         <run_address>0x2b0</run_address>
         <size>0x29</size>
         <input_file_ref idref="fl-c8"/>
      </object_component>
      <object_component id="oc-95">
         <name>.debug_abbrev</name>
         <load_address>0x2d9</load_address>
         <run_address>0x2d9</run_address>
         <size>0x61</size>
         <input_file_ref idref="fl-c8"/>
      </object_component>
      <object_component id="oc-bb">
         <name>.debug_abbrev</name>
         <load_address>0x33a</load_address>
         <run_address>0x33a</run_address>
         <size>0x55</size>
         <input_file_ref idref="fl-cc"/>
      </object_component>
      <object_component id="oc-fa">
         <name>.debug_abbrev</name>
         <load_address>0x38f</load_address>
         <run_address>0x38f</run_address>
         <size>0x45</size>
         <input_file_ref idref="fl-ce"/>
      </object_component>
      <object_component id="oc-175">
         <name>.debug_abbrev</name>
         <load_address>0x3d4</load_address>
         <run_address>0x3d4</run_address>
         <size>0xf</size>
      </object_component>
      <object_component id="oc-39">
         <name>.debug_str</name>
         <load_address>0x0</load_address>
         <run_address>0x0</run_address>
         <size>0xfa</size>
         <input_file_ref idref="fl-2"/>
      </object_component>
      <object_component id="oc-a6">
         <name>.debug_str</name>
         <load_address>0xfa</load_address>
         <run_address>0xfa</run_address>
         <size>0x12d</size>
         <input_file_ref idref="fl-c3"/>
      </object_component>
      <object_component id="oc-ab">
         <name>.debug_str</name>
         <load_address>0x227</load_address>
         <run_address>0x227</run_address>
         <size>0xe9</size>
         <input_file_ref idref="fl-c3"/>
      </object_component>
      <object_component id="oc-36">
         <name>.debug_pubtypes</name>
         <load_address>0x0</load_address>
         <run_address>0x0</run_address>
         <size>0xed</size>
         <input_file_ref idref="fl-2"/>
      </object_component>
      <object_component id="oc-6d">
         <name>.debug_pubtypes</name>
         <load_address>0xed</load_address>
         <run_address>0xed</run_address>
         <size>0x1f</size>
         <input_file_ref idref="fl-c3"/>
      </object_component>
      <object_component id="oc-a3">
         <name>.debug_pubtypes</name>
         <load_address>0x10c</load_address>
         <run_address>0x10c</run_address>
         <size>0x1d</size>
         <input_file_ref idref="fl-c3"/>
      </object_component>
      <object_component id="oc-a8">
         <name>.debug_pubtypes</name>
         <load_address>0x129</load_address>
         <run_address>0x129</run_address>
         <size>0x26</size>
         <input_file_ref idref="fl-c3"/>
      </object_component>
      <object_component id="oc-2a">
         <name>.debug_frame</name>
         <load_address>0x0</load_address>
         <run_address>0x0</run_address>
         <size>0x84</size>
         <input_file_ref idref="fl-4"/>
      </object_component>
      <object_component id="oc-54">
         <name>.debug_frame</name>
         <load_address>0x84</load_address>
         <run_address>0x84</run_address>
         <size>0x38</size>
         <input_file_ref idref="fl-c8"/>
      </object_component>
      <object_component id="oc-8f">
         <name>.debug_frame</name>
         <load_address>0xbc</load_address>
         <run_address>0xbc</run_address>
         <size>0x34</size>
         <input_file_ref idref="fl-cc"/>
      </object_component>
      <object_component id="oc-c1">
         <name>.debug_frame</name>
         <load_address>0xf0</load_address>
         <run_address>0xf0</run_address>
         <size>0x34</size>
         <input_file_ref idref="fl-ce"/>
      </object_component>
      <object_component id="oc-28">
         <name>.debug_aranges</name>
         <load_address>0x0</load_address>
         <run_address>0x0</run_address>
         <size>0x40</size>
         <input_file_ref idref="fl-4"/>
      </object_component>
      <object_component id="oc-53">
         <name>.debug_aranges</name>
         <load_address>0x40</load_address>
         <run_address>0x40</run_address>
         <size>0x20</size>
         <input_file_ref idref="fl-c8"/>
      </object_component>
      <object_component id="oc-90">
         <name>.debug_aranges</name>
         <load_address>0x60</load_address>
         <run_address>0x60</run_address>
         <size>0x20</size>
         <input_file_ref idref="fl-cc"/>
      </object_component>
      <object_component id="oc-bf">
         <name>.debug_aranges</name>
         <load_address>0x80</load_address>
         <run_address>0x80</run_address>
         <size>0x20</size>
         <input_file_ref idref="fl-ce"/>
      </object_component>
      <object_component id="oc-11">
         <name>.debug_pubnames</name>
         <load_address>0x0</load_address>
         <run_address>0x0</run_address>
         <size>0x23</size>
         <input_file_ref idref="fl-4"/>
      </object_component>
      <object_component id="oc-29">
         <name>.debug_pubnames</name>
         <load_address>0x23</load_address>
         <run_address>0x23</run_address>
         <size>0x60</size>
         <input_file_ref idref="fl-4"/>
      </object_component>
      <object_component id="oc-22">
         <name>.debug_pubnames</name>
         <load_address>0x83</load_address>
         <run_address>0x83</run_address>
         <size>0x22</size>
         <input_file_ref idref="fl-c3"/>
      </object_component>
      <object_component id="oc-25">
         <name>.debug_pubnames</name>
         <load_address>0xa5</load_address>
         <run_address>0xa5</run_address>
         <size>0x1e</size>
         <input_file_ref idref="fl-c8"/>
      </object_component>
      <object_component id="oc-56">
         <name>.debug_pubnames</name>
         <load_address>0xc3</load_address>
         <run_address>0xc3</run_address>
         <size>0x2d</size>
         <input_file_ref idref="fl-c8"/>
      </object_component>
      <object_component id="oc-93">
         <name>.debug_pubnames</name>
         <load_address>0xf0</load_address>
         <run_address>0xf0</run_address>
         <size>0x27</size>
         <input_file_ref idref="fl-cc"/>
      </object_component>
      <object_component id="oc-c0">
         <name>.debug_pubnames</name>
         <load_address>0x117</load_address>
         <run_address>0x117</run_address>
         <size>0x1c</size>
         <input_file_ref idref="fl-ce"/>
      </object_component>
   </object_component_list>
   <logical_group_list>
      <logical_group id="lg-3" display="no" color="cyan">
         <name>.intvecs</name>
         <load_address>0x20004000</load_address>
         <run_address>0x20004000</run_address>
         <size>0x400</size>
         <contents>
            <object_component_ref idref="oc-f"/>
         </contents>
      </logical_group>
      <logical_group id="lg-4" display="no" color="cyan">
         <name>.init_array</name>
         <run_address>0x0</run_address>
         <size>0x0</size>
         <contents>
         </contents>
      </logical_group>
      <logical_group id="lg-5" display="no" color="cyan">
         <name>.vtable</name>
         <run_address>0x0</run_address>
         <size>0x0</size>
         <contents>
         </contents>
      </logical_group>
      <logical_group id="lg-6" display="no" color="cyan">
         <name>.text</name>
         <load_address>0x20004400</load_address>
         <run_address>0x20004400</run_address>
         <size>0x3a</size>
         <contents>
            <object_component_ref idref="oc-52"/>
            <object_component_ref idref="oc-26"/>
            <object_component_ref idref="oc-8e"/>
            <object_component_ref idref="oc-bc"/>
         </contents>
      </logical_group>
      <logical_group id="lg-7" display="no" color="cyan">
         <name>.const</name>
         <run_address>0x0</run_address>
         <size>0x0</size>
         <contents>
         </contents>
      </logical_group>
      <logical_group id="lg-8" display="no" color="cyan">
         <name>.cinit</name>
         <run_address>0x0</run_address>
         <size>0x0</size>
         <contents>
         </contents>
      </logical_group>
      <logical_group id="lg-9" display="no" color="cyan">
         <name>.pinit</name>
         <run_address>0x0</run_address>
         <size>0x0</size>
         <contents>
         </contents>
      </logical_group>
      <logical_group id="lg-a" display="no" color="cyan">
         <name>.data</name>
         <run_address>0x0</run_address>
         <size>0x0</size>
         <contents>
         </contents>
      </logical_group>
      <logical_group id="lg-b" display="no" color="cyan">
         <name>.bss</name>
         <run_address>0x0</run_address>
         <size>0x0</size>
         <contents>
         </contents>
      </logical_group>
      <logical_group id="lg-c" display="no" color="cyan">
         <name>.sysmem</name>
         <run_address>0x20017000</run_address>
         <size>0x800</size>
         <contents>
            <object_component_ref idref="oc-20"/>
            <object_component_ref idref="oc-173"/>
         </contents>
      </logical_group>
      <logical_group id="lg-d" display="no" color="cyan">
         <name>.stack</name>
         <run_address>0x2002f800</run_address>
         <size>0x800</size>
         <contents>
            <object_component_ref idref="oc-23"/>
            <object_component_ref idref="oc-172"/>
         </contents>
      </logical_group>
      <logical_group id="lg-14a" display="no" color="cyan">
         <name>.TI.noinit</name>
         <run_address>0x0</run_address>
         <size>0x0</size>
         <contents>
         </contents>
      </logical_group>
      <logical_group id="lg-14b" display="no" color="cyan">
         <name>.TI.persistent</name>
         <run_address>0x0</run_address>
         <size>0x0</size>
         <contents>
         </contents>
      </logical_group>
      <logical_group id="lg-159" display="never" color="cyan">
         <name>.debug_info</name>
         <load_address>0x0</load_address>
         <run_address>0x0</run_address>
         <size>0x10e4</size>
         <contents>
            <object_component_ref idref="oc-35"/>
            <object_component_ref idref="oc-2e"/>
            <object_component_ref idref="oc-10"/>
            <object_component_ref idref="oc-27"/>
            <object_component_ref idref="oc-6c"/>
            <object_component_ref idref="oc-21"/>
            <object_component_ref idref="oc-a2"/>
            <object_component_ref idref="oc-a7"/>
            <object_component_ref idref="oc-24"/>
            <object_component_ref idref="oc-55"/>
            <object_component_ref idref="oc-92"/>
            <object_component_ref idref="oc-be"/>
            <object_component_ref idref="oc-174"/>
         </contents>
      </logical_group>
      <logical_group id="lg-15b" display="never" color="cyan">
         <name>.debug_line</name>
         <load_address>0x0</load_address>
         <run_address>0x0</run_address>
         <size>0x433</size>
         <contents>
            <object_component_ref idref="oc-38"/>
            <object_component_ref idref="oc-72"/>
            <object_component_ref idref="oc-2d"/>
            <object_component_ref idref="oc-2b"/>
            <object_component_ref idref="oc-a1"/>
            <object_component_ref idref="oc-6b"/>
            <object_component_ref idref="oc-a5"/>
            <object_component_ref idref="oc-aa"/>
            <object_component_ref idref="oc-6f"/>
            <object_component_ref idref="oc-57"/>
            <object_component_ref idref="oc-91"/>
            <object_component_ref idref="oc-bd"/>
         </contents>
      </logical_group>
      <logical_group id="lg-15d" display="never" color="cyan">
         <name>.debug_abbrev</name>
         <load_address>0x0</load_address>
         <run_address>0x0</run_address>
         <size>0x3e3</size>
         <contents>
            <object_component_ref idref="oc-37"/>
            <object_component_ref idref="oc-71"/>
            <object_component_ref idref="oc-2c"/>
            <object_component_ref idref="oc-70"/>
            <object_component_ref idref="oc-a0"/>
            <object_component_ref idref="oc-6a"/>
            <object_component_ref idref="oc-a4"/>
            <object_component_ref idref="oc-a9"/>
            <object_component_ref idref="oc-6e"/>
            <object_component_ref idref="oc-95"/>
            <object_component_ref idref="oc-bb"/>
            <object_component_ref idref="oc-fa"/>
            <object_component_ref idref="oc-175"/>
         </contents>
      </logical_group>
      <logical_group id="lg-15f" display="never" color="cyan">
         <name>.debug_str</name>
         <load_address>0x0</load_address>
         <run_address>0x0</run_address>
         <size>0x310</size>
         <contents>
            <object_component_ref idref="oc-39"/>
            <object_component_ref idref="oc-a6"/>
            <object_component_ref idref="oc-ab"/>
         </contents>
      </logical_group>
      <logical_group id="lg-161" display="never" color="cyan">
         <name>.debug_pubtypes</name>
         <load_address>0x0</load_address>
         <run_address>0x0</run_address>
         <size>0x14f</size>
         <contents>
            <object_component_ref idref="oc-36"/>
            <object_component_ref idref="oc-6d"/>
            <object_component_ref idref="oc-a3"/>
            <object_component_ref idref="oc-a8"/>
         </contents>
      </logical_group>
      <logical_group id="lg-163" display="never" color="cyan">
         <name>.debug_frame</name>
         <load_address>0x0</load_address>
         <run_address>0x0</run_address>
         <size>0x124</size>
         <contents>
            <object_component_ref idref="oc-2a"/>
            <object_component_ref idref="oc-54"/>
            <object_component_ref idref="oc-8f"/>
            <object_component_ref idref="oc-c1"/>
         </contents>
      </logical_group>
      <logical_group id="lg-165" display="never" color="cyan">
         <name>.debug_aranges</name>
         <load_address>0x0</load_address>
         <run_address>0x0</run_address>
         <size>0xa0</size>
         <contents>
            <object_component_ref idref="oc-28"/>
            <object_component_ref idref="oc-53"/>
            <object_component_ref idref="oc-90"/>
            <object_component_ref idref="oc-bf"/>
         </contents>
      </logical_group>
      <logical_group id="lg-167" display="never" color="cyan">
         <name>.debug_pubnames</name>
         <load_address>0x0</load_address>
         <run_address>0x0</run_address>
         <size>0x133</size>
         <contents>
            <object_component_ref idref="oc-11"/>
            <object_component_ref idref="oc-29"/>
            <object_component_ref idref="oc-22"/>
            <object_component_ref idref="oc-25"/>
            <object_component_ref idref="oc-56"/>
            <object_component_ref idref="oc-93"/>
            <object_component_ref idref="oc-c0"/>
         </contents>
      </logical_group>
      <load_segment id="lg-176" display="no" color="cyan">
         <name>SEGMENT_0</name>
         <load_address>0x20004000</load_address>
         <run_address>0x20004000</run_address>
         <size>0x43a</size>
         <flags>0x5</flags>
         <contents>
            <logical_group_ref idref="lg-3"/>
            <logical_group_ref idref="lg-6"/>
         </contents>
      </load_segment>
      <load_segment id="lg-177" display="no" color="cyan">
         <name>SEGMENT_1</name>
         <run_address>0x20017000</run_address>
         <size>0x800</size>
         <flags>0x6</flags>
         <contents>
            <logical_group_ref idref="lg-c"/>
         </contents>
      </load_segment>
      <load_segment id="lg-178" display="no" color="cyan">
         <name>SEGMENT_2</name>
         <run_address>0x2002f800</run_address>
         <size>0x800</size>
         <flags>0x6</flags>
         <contents>
            <logical_group_ref idref="lg-d"/>
         </contents>
      </load_segment>
   </logical_group_list>
   <placement_map>
      <memory_area display="yes" color="green">
         <name>SRAM_CODE</name>
         <page_id>0x0</page_id>
         <origin>0x20004000</origin>
         <length>0x13000</length>
         <used_space>0x43a</used_space>
         <unused_space>0x12bc6</unused_space>
         <attributes>RWX</attributes>
         <usage_details>
            <allocated_space>
               <start_address>0x20004000</start_address>
               <size>0x400</size>
               <logical_group_ref idref="lg-3"/>
            </allocated_space>
            <allocated_space>
               <start_address>0x20004400</start_address>
               <size>0x3a</size>
               <logical_group_ref idref="lg-6"/>
            </allocated_space>
            <available_space>
               <start_address>0x2000443a</start_address>
               <size>0x12bc6</size>
            </available_space>
         </usage_details>
      </memory_area>
      <memory_area display="yes" color="green">
         <name>SRAM_DATA</name>
         <page_id>0x0</page_id>
         <origin>0x20017000</origin>
         <length>0x19000</length>
         <used_space>0x1000</used_space>
         <unused_space>0x18000</unused_space>
         <attributes>RWX</attributes>
         <usage_details>
            <allocated_space>
               <start_address>0x20017000</start_address>
               <size>0x800</size>
               <logical_group_ref idref="lg-c"/>
            </allocated_space>
            <available_space>
               <start_address>0x20017800</start_address>
               <size>0x18000</size>
            </available_space>
            <allocated_space>
               <start_address>0x2002f800</start_address>
               <size>0x800</size>
               <logical_group_ref idref="lg-d"/>
            </allocated_space>
         </usage_details>
      </memory_area>
   </placement_map>
   <symbol_table>
      <symbol id="sm-1">
         <name>binit</name>
         <value>0xffffffff</value>
      </symbol>
      <symbol id="sm-2">
         <name>__binit__</name>
         <value>0xffffffff</value>
      </symbol>
      <symbol id="sm-3">
         <name>__STACK_SIZE</name>
         <value>0x800</value>
      </symbol>
      <symbol id="sm-4">
         <name>__STACK_END</name>
         <value>0x20030000</value>
      </symbol>
      <symbol id="sm-5">
         <name>__SYSMEM_SIZE</name>
         <value>0x800</value>
      </symbol>
      <symbol id="sm-6">
         <name>__c_args__</name>
         <value>0xffffffff</value>
      </symbol>
      <symbol id="sm-7">
         <name>__TI_pprof_out_hndl</name>
         <value>0xffffffff</value>
      </symbol>
      <symbol id="sm-8">
         <name>__TI_prof_data_start</name>
         <value>0xffffffff</value>
      </symbol>
      <symbol id="sm-9">
         <name>__TI_prof_data_size</name>
         <value>0xffffffff</value>
      </symbol>
      <symbol id="sm-a">
         <name>__TI_static_base__</name>
         <value>0x20004000</value>
      </symbol>
      <symbol id="sm-45">
         <name>ResetISR</name>
         <value>0x20004425</value>
         <object_component_ref idref="oc-26"/>
      </symbol>
      <symbol id="sm-46">
         <name>g_pfnVectors</name>
         <value>0x20004000</value>
         <object_component_ref idref="oc-f"/>
      </symbol>
      <symbol id="sm-60">
         <name>_sys_memory</name>
         <value>0x20017000</value>
         <object_component_ref idref="oc-20"/>
      </symbol>
      <symbol id="sm-75">
         <name>_c_int00_noinit_noargs</name>
         <value>0x20004401</value>
         <object_component_ref idref="oc-52"/>
      </symbol>
      <symbol id="sm-76">
         <name>__stack</name>
         <value>0x2002f800</value>
         <object_component_ref idref="oc-23"/>
      </symbol>
      <symbol id="sm-83">
         <name>_system_pre_init</name>
         <value>0x20004433</value>
         <object_component_ref idref="oc-8e"/>
      </symbol>
      <symbol id="sm-8f">
         <name>C$$EXIT</name>
         <value>0x20004437</value>
         <object_component_ref idref="oc-bc"/>
      </symbol>
      <symbol id="sm-90">
         <name>abort</name>
         <value>0x20004437</value>
         <object_component_ref idref="oc-bc"/>
      </symbol>
      <symbol id="sm-ad">
         <name>__mpu_init</name>
         <value>0x0</value>
      </symbol>
      <symbol id="sm-ae">
         <name>main</name>
         <value>0x0</value>
      </symbol>
   </symbol_table>
   <title>Link errors: red sections failed placement</title>
</link_info>
